{"branches": 91.66666666666666, "coverage": 90.81632653061224}